,AASeq,predicted_KD_ResCNN,predicted_KD_KNN
0,CSRYGERGFYEHDYW,5.042113780975342,4.789549708996164
1,CSRWRDPGFYEHDYW,1.292923927307129,1.367
2,CSRYQANGLYAYEYW,3.5457375049591064,5.535835853621154
3,CSRYRGDGFYEHDYW,3.2845818996429443,3.6789999999999994
4,CSRYGTPGMYQNDYW,3.6237130165100098,4.760121194089716
5,CSRWAMLGMYAHDYW,4.082937240600586,2.91592543405752
6,CSRWPAPGFYTNDYW,0.5303804874420166,1.121852000182199
7,CSRWNAPSFYANDYW,2.458944320678711,1.9973238978152275
8,CSRWKEPGLYEHDYW,9.059083938598633,3.766554816735493
9,CSRYGPGGMYEHDYW,4.234619617462158,5.463157767009632
10,CSRWGGPGMYTNDYW,2.4629740715026855,2.8936520525921297
11,CSRYGARGFYQNDYW,2.7956743240356445,4.409895562164247
12,CSRWGIVSFYENDYW,0.8631449937820435,1.493019066658516
13,CSRYGSGGLYEHDYW,6.12736701965332,4.35994047263315
14,CSRYGGDGMYQHDYW,2.736562967300415,3.868451359559384
15,CSRWAPYGLYAHDYW,1.3850990533828735,2.9783879061119514
16,CSRWNQLGMYVNDYW,4.786934852600098,2.023860175336579
